{"train_losses": 0.023567043244838715, "_timestamp": 1713834081.652645, "_runtime": 1616.9176712036133, "_step": 950, "training_rates": 0.00040843029060201656, "epoch_mean_loss": 0.024296453222632408, "test_mean_loss": 327.58447265625, "_wandb": {"runtime": 1615}}