{"train_losses": 0.003378037130460143, "_timestamp": 1713832237.420703, "_runtime": 823.4691498279572, "_step": 950, "training_rates": 0.00040843029060201656, "epoch_mean_loss": 0.0024180887266993523, "test_mean_loss": 32.572669982910156, "_wandb": {"runtime": 822}}