{"train_losses": 0.01993449591100216, "_timestamp": 1713443720.28966, "_runtime": 9.772096872329712, "_step": 9, "training_rates": 0.001, "_wandb": {"runtime": 9}}