{"train_losses": 0.004075529053807259, "_timestamp": 1713413420.432565, "_runtime": 84.17296099662781, "_step": 1635, "training_rates": 0.001, "_wandb": {"runtime": 85}}