{"train_losses": 0.002910719718784094, "_timestamp": 1713413848.159699, "_runtime": 315.80181097984314, "_step": 6693, "training_rates": 0.001, "epoch_mean_loss": 0.0027132651302963495}