{"train_losses": 390.7137145996094, "_timestamp": 1713832385.8752441, "_runtime": 12.860156059265137, "_step": 9, "training_rates": 0.001, "_wandb": {"runtime": 13}}