{"train_losses": 0.004153640475124121, "_timestamp": 1713443523.732209, "_runtime": 21.8694589138031, "_step": 15, "training_rates": 0.001, "_wandb": {"runtime": 24}}