{"train_losses": 0.2715227007865906, "_timestamp": 1713443695.2100182, "_runtime": 9.987776041030884, "_step": 5, "training_rates": 0.001, "_wandb": {"runtime": 18}}