{"train_losses": 0.00403959397226572, "_timestamp": 1713443763.1052291, "_runtime": 25.05882716178894, "_step": 18, "training_rates": 0.001, "epoch_mean_loss": 0.0026132662314921618, "_wandb": {"runtime": 95}}