{"train_losses": 0.0018797614611685276, "_timestamp": 1713413499.4112341, "_runtime": 31.39456820487976, "_step": 779, "training_rates": 0.001, "_wandb": {"runtime": 57}}